Workbook

Sheet 대시보드
A1: 2026년 지원사업 프로젝트 대시보드
A2: 프로젝트관리와 공정진행관리 입력값을 기준으로 주요 지표가 자동 갱신됩니다.
A4: 핵심 지표 | B4: 값 | D4: 진행상태 | E4: 건수 | G4: 단계 | H4: 건수
A5: 총 프로젝트 수 | B5: =COUNTA(프로젝트관리!$A$5:$A$49) -> 13 | D5: 신규 | E5: =COUNTIF(프로젝트관리!$G$5:$G$49,D5) -> 1 | G5: 후보 | H5: =COUNTIF(프로젝트관리!$F$5:$F$49,G5) -> 1
A6: 견적/계약 대상 | B6: =B5-B7 -> 12 | D6: 선정완료 | E6: =COUNTIF(프로젝트관리!$G$5:$G$49,D6) -> 5 | G6: 선정 | H6: =COUNTIF(프로젝트관리!$F$5:$F$49,G6) -> 5
A7: 후보 프로젝트 | B7: =COUNTIF(프로젝트관리!$F$5:$F$49,"후보") -> 1 | D7: 견적작성 | E7: =COUNTIF(프로젝트관리!$G$5:$G$49,D7) -> 7 | G7: 견적 | H7: =COUNTIF(프로젝트관리!$F$5:$F$49,G7) -> 7
A8: 선정완료 프로젝트 | B8: =COUNTIF(프로젝트관리!$G$5:$G$49,"선정완료") -> 5 | D8: 제출완료 | E8: =COUNTIF(프로젝트관리!$G$5:$G$49,D8) -> 0 | G8: 계약 | H8: =COUNTIF(프로젝트관리!$F$5:$F$49,G8) -> 0
A9: 총액 | B9: =SUM(프로젝트관리!$I$5:$I$49) -> 2749099800 | D9: 협의중 | E9: =COUNTIF(프로젝트관리!$G$5:$G$49,D9) -> 0 | G9: 수행 | H9: =COUNTIF(프로젝트관리!$F$5:$F$49,G9) -> 0
A10: 평균 진행률 | B10: =AVERAGEIF(프로젝트관리!$A$5:$A$49,"<>",프로젝트관리!$H$5:$H$49) -> 0 | D10: 계약완료 | E10: =COUNTIF(프로젝트관리!$G$5:$G$49,D10) -> 0 | G10: 완료 | H10: =COUNTIF(프로젝트관리!$F$5:$F$49,G10) -> 0
A11: 마감 지연 액션 | B11: =TEXT(COUNTIFS(프로젝트관리!$O$5:$O$49,"<"&TODAY(),프로젝트관리!$O$5:$O$49,"<>",프로젝트관리!$G$5:$G$49,"<>완료"),"0") -> 0 | D11: 발주완료 | E11: =COUNTIF(프로젝트관리!$G$5:$G$49,D11) -> 0
D12: 제작중 | E12: =COUNTIF(프로젝트관리!$G$5:$G$49,D12) -> 0
A13: 주의/다음 액션 | B13: 업체 | C13: 액션 마감일 | D13: 설치중 | E13: =COUNTIF(프로젝트관리!$G$5:$G$49,D13) -> 0
A14: =IF(프로젝트관리!A5="","",프로젝트관리!N5) -> 선정 후 계약/발주 일정 확인 | B14: =IF(프로젝트관리!A5="","",프로젝트관리!C5) -> (주)부성티에프시 대구공장 | D14: 시운전 | E14: =COUNTIF(프로젝트관리!$G$5:$G$49,D14) -> 0
A15: =IF(프로젝트관리!A6="","",프로젝트관리!N6) -> 선정 후 계약/발주 일정 확인 | B15: =IF(프로젝트관리!A6="","",프로젝트관리!C6) -> (주)통합 | D15: 완료 | E15: =COUNTIF(프로젝트관리!$G$5:$G$49,D15) -> 0
A16: =IF(프로젝트관리!A7="","",프로젝트관리!N7) -> 선정 후 계약/발주 일정 확인 | B16: =IF(프로젝트관리!A7="","",프로젝트관리!C7) -> 원풍물산(주) | D16: 보류 | E16: =COUNTIF(프로젝트관리!$G$5:$G$49,D16) -> 0
A17: =IF(프로젝트관리!A8="","",프로젝트관리!N8) -> 나라장터 물품 입찰/계약 일정 등록 | B17: =IF(프로젝트관리!A8="","",프로젝트관리!C8) -> 대영염공(주) | D17: 취소 | E17: =COUNTIF(프로젝트관리!$G$5:$G$49,D17) -> 0
A18: =IF(프로젝트관리!A9="","",프로젝트관리!N9) -> 견적/사업 진행 상태 확인 | B18: =IF(프로젝트관리!A9="","",프로젝트관리!C9) -> 대영염공(주)
A19: =IF(프로젝트관리!A10="","",프로젝트관리!N10) -> 견적/사업 진행 상태 확인 | B19: =IF(프로젝트관리!A10="","",프로젝트관리!C10) -> 벽진BIO텍
A20: =IF(프로젝트관리!A11="","",프로젝트관리!N11) -> 견적/사업 진행 상태 확인 | B20: =IF(프로젝트관리!A11="","",프로젝트관리!C11) -> (주)을화 비산공장
A21: =IF(프로젝트관리!A12="","",프로젝트관리!N12) -> 견적/사업 진행 상태 확인 | B21: =IF(프로젝트관리!A12="","",프로젝트관리!C12) -> (주)을화 비산공장
A22: =IF(프로젝트관리!A13="","",프로젝트관리!N13) -> 견적/사업 진행 상태 확인 | B22: =IF(프로젝트관리!A13="","",프로젝트관리!C13) -> 신한염직
A23: =IF(프로젝트관리!A14="","",프로젝트관리!N14) -> 견적/사업 진행 상태 확인 | B23: =IF(프로젝트관리!A14="","",프로젝트관리!C14) -> 원풍물산
A24: =IF(프로젝트관리!A15="","",프로젝트관리!N15) -> 견적/사업 진행 상태 확인 | B24: =IF(프로젝트관리!A15="","",프로젝트관리!C15) -> 한국에이스
A25: =IF(프로젝트관리!A16="","",프로젝트관리!N16) -> 사업 구분/수요업체/견적금액 입력 | B25: =IF(프로젝트관리!A16="","",프로젝트관리!C16) -> 신규 수요업체명 입력
A26: =IF(프로젝트관리!A17="","",프로젝트관리!N17) -> 선정 후 계약/발주 일정 확인 | B26: =IF(프로젝트관리!A17="","",프로젝트관리!C17) -> (주)을화 비산공장
A27: =IF(프로젝트관리!A18="","",프로젝트관리!N18) | B27: =IF(프로젝트관리!A18="","",프로젝트관리!C18)
A28: =IF(프로젝트관리!A19="","",프로젝트관리!N19) | B28: =IF(프로젝트관리!A19="","",프로젝트관리!C19)

Sheet 프로젝트관리
A1: 프로젝트 현황판
A2: 한 프로젝트당 한 줄만 관리합니다. 현재 상태, 수금 처리일, 다음 액션만 확인하고 세부 이력은 업무이력 시트에 기록합니다.
A4: 프로젝트ID | B4: 사업 구분 | C4: 수요업체 | D4: 공급사 | E4: 프로젝트명 | F4: 단계 | G4: 진행상태 | H4: 진행률 | I4: 총액(원) | J4: 선금 상태 | K4: 선금 처리일 | L4: 잔금 상태 | M4: 잔금 처리일 | N4: 다음 액션 | O4: 액션 마감일 | P4: 담당자 | Q4: 연락처 | R4: 비고
A5: P-001 | B5: 공정저탄소 | C5: (주)부성티에프시 대구공장 | D5: GS시스템 | E5: 자동제어 스팀트랩 설치 건 | F5: 선정 | G5: 선정완료 | H5: =IF(A5="","",공정진행관리!M5) -> 0 | I5: 62700000 | J5: 미수금 | L5: 미수금 | N5: 선정 후 계약/발주 일정 확인 | P5: 오영정 | Q5: 010-2005-0476 | R5: PDF 견적서 반영: 총액 62,700,000원(VAT 포함)
A6: P-002 | B6: 공정저탄소 | C6: (주)통합 | D6: GS시스템 | E6: 에너지 모니터링 및 탄소추적 시스템 | F6: 선정 | G6: 선정완료 | H6: =IF(A6="","",공정진행관리!M6) -> 0 | I6: 157300000 | J6: 미수금 | L6: 미수금 | N6: 선정 후 계약/발주 일정 확인 | P6: 오영정 | Q6: 010-2005-0476 | R6: PDF 견적서 반영: 총액 157,300,000원(VAT 포함)
A7: P-003 | B7: 공정저탄소 | C7: 원풍물산(주) | D7: GS시스템 | E7: 텐터기 건조공정 스팀계통 고효율화 및 응축수 회수설비 | F7: 선정 | G7: 선정완료 | H7: =IF(A7="","",공정진행관리!M7) -> 0 | I7: 65780000 | J7: 미수금 | L7: 미수금 | N7: 선정 후 계약/발주 일정 확인 | P7: 오영정 | Q7: 010-2005-0476 | R7: PDF 견적서 반영: VAT 별도 59,800,000원
A8: P-004 | B8: 상생협력 실증 프로그램 | C8: 대영염공(주) | D8: GS시스템 | E8: 열 재활용 및 공정수 재활용 기능을 적용한 연속 정련·수세기 실증화 | F8: 선정 | G8: 선정완료 | H8: =IF(A8="","",공정진행관리!M8) -> 0 | I8: 1407979800 | J8: 미수금 | L8: 미수금 | N8: 나라장터 물품 입찰/계약 일정 등록 | P8: 오영정 | R8: 상생협력 전용 관리 대상: 총사업비 1,407,979,800원, 나라장터 물품계약 방식
A9: P-005 | B9: 섬유 제조 자동화 | C9: 대영염공(주) | D9: GS시스템 | E9: 스마트 공정액 농도 자동제어 시스템 | F9: 견적 | G9: 견적작성 | H9: =IF(A9="","",공정진행관리!M9) -> 0 | I9: 77000000 | J9: 미수금 | L9: 미수금 | N9: 견적/사업 진행 상태 확인 | P9: 오영정 | Q9: 010-2005-0476 | R9: 주설비 52M + 자동제어밸브 10M + 배관공사 5M + 현장설치 3M
A10: P-006 | B10: 섬유 제조 자동화 | C10: 벽진BIO텍 | D10: GS시스템 | E10: 스마트 공정액 농도 자동제어 시스템 | F10: 견적 | G10: 견적작성 | H10: =IF(A10="","",공정진행관리!M10) -> 0 | I10: 77000000 | J10: 미수금 | L10: 미수금 | N10: 견적/사업 진행 상태 확인 | P10: 오영정 | Q10: 010-2005-0476 | R10: 주설비 52M + 자동제어밸브 10M + 배관공사 5M + 현장설치 3M
A11: P-007 | B11: 스마트 생태공장 | C11: (주)을화 비산공장 | D11: GS시스템 | E11: 염료,조제 스마트제어시스템 | F11: 견적 | G11: 견적작성 | H11: =IF(A11="","",공정진행관리!M11) -> 0 | I11: 570900000 | J11: 미수금 | L11: 미수금 | N11: 견적/사업 진행 상태 확인 | P11: 오영정 | Q11: 010-2005-0476 | R11: 가성소다·블랙염료 / DCPM 11대 / 내역서 포함
A12: P-008 | B12: 스마트 생태공장 | C12: (주)을화 비산공장 | D12: 아이언텍 | E12: 공정수 재활용 시스템 | F12: 견적 | G12: 견적작성 | H12: =IF(A12="","",공정진행관리!M12) -> 0 | I12: 96800000 | J12: 미수금 | L12: 미수금 | N12: 견적/사업 진행 상태 확인 | P12: 오정수 | Q12: 010-8857-0476 | R12: STS 30톤 저장탱크 / 부가세 포함 총 96,800,000
A13: P-009 | B13: 스마트 생태공장 | C13: 신한염직 | D13: GS시스템 | E13: 통합 모니터링 시스템 | F13: 견적 | G13: 견적작성 | H13: =IF(A13="","",공정진행관리!M13) -> 0 | I13: 68200000 | J13: 미수금 | L13: 미수금 | N13: 견적/사업 진행 상태 확인 | P13: 오영정 | Q13: 010-2005-0476 | R13: RO용수·열교환온수회수 마그네틱 유량계 포함
A14: P-010 | B14: 스마트 생태공장 | C14: 원풍물산 | D14: GS시스템 | E14: 통합 모니터링 시스템 | F14: 견적 | G14: 견적작성 | H14: =IF(A14="","",공정진행관리!M14) -> 0 | I14: 58300000 | J14: 미수금 | L14: 미수금 | N14: 견적/사업 진행 상태 확인 | P14: 오영정 | Q14: 010-2005-0476 | R14: 텐터기 가스·압출기·집진기 전력량계
A15: P-011 | B15: 스마트 생태공장 | C15: 한국에이스 | D15: GS시스템 | E15: 통합 모니터링 시스템 | F15: 견적 | G15: 견적작성 | H15: =IF(A15="","",공정진행관리!M15) -> 0 | I15: 50600000 | J15: 미수금 | L15: 미수금 | N15: 견적/사업 진행 상태 확인 | P15: 오영정 | Q15: 010-2005-0476 | R15: 텐터기 가스·전력 / 유량계 장착 확인
A16: P-012 | B16: 신규 프로젝트 | C16: 신규 수요업체명 입력 | E16: 신규 프로젝트명 입력 | F16: 후보 | G16: 신규 | H16: =IF(A16="","",공정진행관리!M16) -> 0 | J16: 해당없음 | L16: 해당없음 | N16: 사업 구분/수요업체/견적금액 입력 | R16: 새 프로젝트 입력용 행
A17: P-013 | B17: 화학안전 사업장 조성사업 | C17: (주)을화 비산공장 | D17: GS시스템 | E17: 정련염색기/감량기 누출경보 시스템 | F17: 선정 | G17: 선정완료 | H17: =IF(A17="","",공정진행관리!M17) -> 0 | I17: 56540000 | J17: 미수금 | L17: 미수금 | N17: 선정 후 계약/발주 일정 확인 | P17: 오영정 | Q17: 010-2005-0476 | R17: PDF 견적서 반영: VAT 별도 51,400,000원
H18: =IF(A18="","",공정진행관리!M18)
H19: =IF(A19="","",공정진행관리!M19)
H20: =IF(A20="","",공정진행관리!M20)
H21: =IF(A21="","",공정진행관리!M21)
H22: =IF(A22="","",공정진행관리!M22)
H23: =IF(A23="","",공정진행관리!M23)
H24: =IF(A24="","",공정진행관리!M24)
H25: =IF(A25="","",공정진행관리!M25)
H26: =IF(A26="","",공정진행관리!M26)
H27: =IF(A27="","",공정진행관리!M27)
H28: =IF(A28="","",공정진행관리!M28)
H29: =IF(A29="","",공정진행관리!M29)
... H49: =IF(A49="","",공정진행관리!M49)

Sheet 공정진행관리
A1: 공정별 진행관리
A2: 공정 완료일을 입력하는 시트입니다. 진행률 = 발주 10% + 제작 25% + 시험운전 15% + 현장설치 완료 20% + 시운전 완료 20% + 최종 완료 10%
A4: 프로젝트ID | B4: 사업 구분 | C4: 수요업체 | D4: 프로젝트명 | E4: 발주 완료일 | F4: 제작 완료일 | G4: 시험운전 완료일 | H4: 현장설치 시작일 | I4: 현장설치 완료일 | J4: 시운전 시작일 | K4: 시운전 완료일 | L4: 최종 완료일 | M4: 진행률 | N4: 다음 확인사항
A5: P-001 | B5: 공정저탄소 | C5: (주)부성티에프시 대구공장 | D5: 자동제어 스팀트랩 설치 건 | M5: =IF(A5="","",IF(E5<>"",10%,0)+IF(F5<>"",25%,0)+IF(G5<>"",15%,0)+IF(I5<>"",20%,0)+IF(K5<>"",20%,0)+IF(L5<>"",10%,0)) -> 0 | N5: 선정 후 계약/발주 일정 확인
A6: P-002 | B6: 공정저탄소 | C6: (주)통합 | D6: 에너지 모니터링 및 탄소추적 시스템 | M6: =IF(A6="","",IF(E6<>"",10%,0)+IF(F6<>"",25%,0)+IF(G6<>"",15%,0)+IF(I6<>"",20%,0)+IF(K6<>"",20%,0)+IF(L6<>"",10%,0)) -> 0 | N6: 선정 후 계약/발주 일정 확인
A7: P-003 | B7: 공정저탄소 | C7: 원풍물산(주) | D7: 텐터기 건조공정 스팀계통 고효율화 및 응축수 회수설비 | M7: =IF(A7="","",IF(E7<>"",10%,0)+IF(F7<>"",25%,0)+IF(G7<>"",15%,0)+IF(I7<>"",20%,0)+IF(K7<>"",20%,0)+IF(L7<>"",10%,0)) -> 0 | N7: 선정 후 계약/발주 일정 확인
A8: P-004 | B8: 상생협력 실증 프로그램 | C8: 대영염공(주) | D8: 열 재활용 및 공정수 재활용 기능을 적용한 연속 정련·수세기 실증화 | M8: =IF(A8="","",IF(E8<>"",10%,0)+IF(F8<>"",25%,0)+IF(G8<>"",15%,0)+IF(I8<>"",20%,0)+IF(K8<>"",20%,0)+IF(L8<>"",10%,0)) -> 0 | N8: 나라장터 물품 입찰/계약 일정 등록
A9: P-005 | B9: 섬유 제조 자동화 | C9: 대영염공(주) | D9: 스마트 공정액 농도 자동제어 시스템 | M9: =IF(A9="","",IF(E9<>"",10%,0)+IF(F9<>"",25%,0)+IF(G9<>"",15%,0)+IF(I9<>"",20%,0)+IF(K9<>"",20%,0)+IF(L9<>"",10%,0)) -> 0 | N9: 견적/사업 진행 상태 확인
A10: P-006 | B10: 섬유 제조 자동화 | C10: 벽진BIO텍 | D10: 스마트 공정액 농도 자동제어 시스템 | M10: =IF(A10="","",IF(E10<>"",10%,0)+IF(F10<>"",25%,0)+IF(G10<>"",15%,0)+IF(I10<>"",20%,0)+IF(K10<>"",20%,0)+IF(L10<>"",10%,0)) -> 0 | N10: 견적/사업 진행 상태 확인
A11: P-007 | B11: 스마트 생태공장 | C11: (주)을화 비산공장 | D11: 염료,조제 스마트제어시스템 | M11: =IF(A11="","",IF(E11<>"",10%,0)+IF(F11<>"",25%,0)+IF(G11<>"",15%,0)+IF(I11<>"",20%,0)+IF(K11<>"",20%,0)+IF(L11<>"",10%,0)) -> 0 | N11: 견적/사업 진행 상태 확인
A12: P-008 | B12: 스마트 생태공장 | C12: (주)을화 비산공장 | D12: 공정수 재활용 시스템 | M12: =IF(A12="","",IF(E12<>"",10%,0)+IF(F12<>"",25%,0)+IF(G12<>"",15%,0)+IF(I12<>"",20%,0)+IF(K12<>"",20%,0)+IF(L12<>"",10%,0)) -> 0 | N12: 견적/사업 진행 상태 확인
A13: P-009 | B13: 스마트 생태공장 | C13: 신한염직 | D13: 통합 모니터링 시스템 | M13: =IF(A13="","",IF(E13<>"",10%,0)+IF(F13<>"",25%,0)+IF(G13<>"",15%,0)+IF(I13<>"",20%,0)+IF(K13<>"",20%,0)+IF(L13<>"",10%,0)) -> 0 | N13: 견적/사업 진행 상태 확인
A14: P-010 | B14: 스마트 생태공장 | C14: 원풍물산 | D14: 통합 모니터링 시스템 | M14: =IF(A14="","",IF(E14<>"",10%,0)+IF(F14<>"",25%,0)+IF(G14<>"",15%,0)+IF(I14<>"",20%,0)+IF(K14<>"",20%,0)+IF(L14<>"",10%,0)) -> 0 | N14: 견적/사업 진행 상태 확인
A15: P-011 | B15: 스마트 생태공장 | C15: 한국에이스 | D15: 통합 모니터링 시스템 | M15: =IF(A15="","",IF(E15<>"",10%,0)+IF(F15<>"",25%,0)+IF(G15<>"",15%,0)+IF(I15<>"",20%,0)+IF(K15<>"",20%,0)+IF(L15<>"",10%,0)) -> 0 | N15: 견적/사업 진행 상태 확인
A16: P-012 | B16: 신규 프로젝트 | C16: 신규 수요업체명 입력 | D16: 신규 프로젝트명 입력 | M16: =IF(A16="","",IF(E16<>"",10%,0)+IF(F16<>"",25%,0)+IF(G16<>"",15%,0)+IF(I16<>"",20%,0)+IF(K16<>"",20%,0)+IF(L16<>"",10%,0)) -> 0 | N16: 사업 구분/수요업체/견적금액 입력
A17: P-013 | B17: 화학안전 사업장 조성사업 | C17: (주)을화 비산공장 | D17: 정련염색기/감량기 누출경보 시스템 | M17: =IF(A17="","",IF(E17<>"",10%,0)+IF(F17<>"",25%,0)+IF(G17<>"",15%,0)+IF(I17<>"",20%,0)+IF(K17<>"",20%,0)+IF(L17<>"",10%,0)) -> 0 | N17: 선정 후 계약/발주 일정 확인
M18: =IF(A18="","",IF(E18<>"",10%,0)+IF(F18<>"",25%,0)+IF(G18<>"",15%,0)+IF(I18<>"",20%,0)+IF(K18<>"",20%,0)+IF(L18<>"",10%,0))
M19: =IF(A19="","",IF(E19<>"",10%,0)+IF(F19<>"",25%,0)+IF(G19<>"",15%,0)+IF(I19<>"",20%,0)+IF(K19<>"",20%,0)+IF(L19<>"",10%,0))
M20: =IF(A20="","",IF(E20<>"",10%,0)+IF(F20<>"",25%,0)+IF(G20<>"",15%,0)+IF(I20<>"",20%,0)+IF(K20<>"",20%,0)+IF(L20<>"",10%,0))
M21: =IF(A21="","",IF(E21<>"",10%,0)+IF(F21<>"",25%,0)+IF(G21<>"",15%,0)+IF(I21<>"",20%,0)+IF(K21<>"",20%,0)+IF(L21<>"",10%,0))
M22: =IF(A22="","",IF(E22<>"",10%,0)+IF(F22<>"",25%,0)+IF(G22<>"",15%,0)+IF(I22<>"",20%,0)+IF(K22<>"",20%,0)+IF(L22<>"",10%,0))
M23: =IF(A23="","",IF(E23<>"",10%,0)+IF(F23<>"",25%,0)+IF(G23<>"",15%,0)+IF(I23<>"",20%,0)+IF(K23<>"",20%,0)+IF(L23<>"",10%,0))
M24: =IF(A24="","",IF(E24<>"",10%,0)+IF(F24<>"",25%,0)+IF(G24<>"",15%,0)+IF(I24<>"",20%,0)+IF(K24<>"",20%,0)+IF(L24<>"",10%,0))
M25: =IF(A25="","",IF(E25<>"",10%,0)+IF(F25<>"",25%,0)+IF(G25<>"",15%,0)+IF(I25<>"",20%,0)+IF(K25<>"",20%,0)+IF(L25<>"",10%,0))
M26: =IF(A26="","",IF(E26<>"",10%,0)+IF(F26<>"",25%,0)+IF(G26<>"",15%,0)+IF(I26<>"",20%,0)+IF(K26<>"",20%,0)+IF(L26<>"",10%,0))
M27: =IF(A27="","",IF(E27<>"",10%,0)+IF(F27<>"",25%,0)+IF(G27<>"",15%,0)+IF(I27<>"",20%,0)+IF(K27<>"",20%,0)+IF(L27<>"",10%,0))
M28: =IF(A28="","",IF(E28<>"",10%,0)+IF(F28<>"",25%,0)+IF(G28<>"",15%,0)+IF(I28<>"",20%,0)+IF(K28<>"",20%,0)+IF(L28<>"",10%,0))
M29: =IF(A29="","",IF(E29<>"",10%,0)+IF(F29<>"",25%,0)+IF(G29<>"",15%,0)+IF(I29<>"",20%,0)+IF(K29<>"",20%,0)+IF(L29<>"",10%,0))
... M49: =IF(A49="","",IF(E49<>"",10%,0)+IF(F49<>"",25%,0)+IF(G49<>"",15%,0)+IF(I49<>"",20%,0)+IF(K49<>"",20%,0)+IF(L49<>"",10%,0))

Sheet 업무이력
A1: 업무이력
A2: 전화, 회의, 견적 제출, 발주, 설치, 수금 등 실제 처리한 일을 날짜별로 누적 기록합니다. 현재 상태는 프로젝트 현황판에서 관리합니다.
A4: 기록일 | B4: 프로젝트ID | C4: 수요업체 | D4: 업무구분 | E4: 처리내용 | F4: 처리결과 | G4: 다음 액션 | H4: 다음 마감일 | I4: 담당자 | J4: 증빙/링크 | K4: 메모
B5: P-001 | C5: (주)부성티에프시 대구공장 | D5: 문서 | E5: 프로젝트 현황판 재정리 | F5: 선정완료 | G5: 선정 후 계약/발주 일정 확인 | I5: 오영정 | K5: 초기 이관 기록
B6: P-002 | C6: (주)통합 | D6: 문서 | E6: 프로젝트 현황판 재정리 | F6: 선정완료 | G6: 선정 후 계약/발주 일정 확인 | I6: 오영정 | K6: 초기 이관 기록
B7: P-003 | C7: 원풍물산(주) | D7: 문서 | E7: 프로젝트 현황판 재정리 | F7: 선정완료 | G7: 선정 후 계약/발주 일정 확인 | I7: 오영정 | K7: 초기 이관 기록
B8: P-004 | C8: 대영염공(주) | D8: 문서 | E8: 프로젝트 현황판 재정리 | F8: 선정완료 | G8: 나라장터 물품 입찰/계약 일정 등록 | I8: 오영정 | K8: 초기 이관 기록
B9: P-005 | C9: 대영염공(주) | D9: 문서 | E9: 프로젝트 현황판 재정리 | F9: 견적작성 | G9: 견적/사업 진행 상태 확인 | I9: 오영정 | K9: 초기 이관 기록
B10: P-006 | C10: 벽진BIO텍 | D10: 문서 | E10: 프로젝트 현황판 재정리 | F10: 견적작성 | G10: 견적/사업 진행 상태 확인 | I10: 오영정 | K10: 초기 이관 기록
B11: P-007 | C11: (주)을화 비산공장 | D11: 문서 | E11: 프로젝트 현황판 재정리 | F11: 견적작성 | G11: 견적/사업 진행 상태 확인 | I11: 오영정 | K11: 초기 이관 기록
B12: P-008 | C12: (주)을화 비산공장 | D12: 문서 | E12: 프로젝트 현황판 재정리 | F12: 견적작성 | G12: 견적/사업 진행 상태 확인 | I12: 오정수 | K12: 초기 이관 기록
B13: P-009 | C13: 신한염직 | D13: 문서 | E13: 프로젝트 현황판 재정리 | F13: 견적작성 | G13: 견적/사업 진행 상태 확인 | I13: 오영정 | K13: 초기 이관 기록
B14: P-010 | C14: 원풍물산 | D14: 문서 | E14: 프로젝트 현황판 재정리 | F14: 견적작성 | G14: 견적/사업 진행 상태 확인 | I14: 오영정 | K14: 초기 이관 기록
B15: P-011 | C15: 한국에이스 | D15: 문서 | E15: 프로젝트 현황판 재정리 | F15: 견적작성 | G15: 견적/사업 진행 상태 확인 | I15: 오영정 | K15: 초기 이관 기록
B16: P-012 | C16: 신규 수요업체명 입력 | D16: 기타 | E16: 프로젝트 현황판 재정리 | F16: 신규 | G16: 사업 구분/수요업체/견적금액 입력 | K16: 초기 이관 기록
B17: P-013 | C17: (주)을화 비산공장 | D17: 문서 | E17: 프로젝트 현황판 재정리 | F17: 선정완료 | G17: 선정 후 계약/발주 일정 확인 | I17: 오영정 | K17: 초기 이관 기록

Sheet 상생협력관리
A1: 상생협력 실증 프로그램 별도 관리
A2: 나라장터 입찰로 물품을 계약하고 진행하는 특수 사업으로, 협약/입찰/사업비 사용계획을 별도 관리합니다.
A4: 관리 항목 | B4: 내용 | D4: 재원 구분 | E4: 금액(원) | F4: 비율 | G4: 부담 주체
A5: 프로젝트ID | B5: P-004 | D5: 총사업비 | E5: 1407979800 | F5: 1 | G5: 전체
A6: 사업방식 | B6: 나라장터 입찰 물품계약 | D6: 국고보조금 | E6: 985000000 | F6: 0.6996 | G6: 한국환경공단
A7: 과제명 | B7: 열 재활용 및 공정수 재활용 기능을 적용한 연속 정련·수세기 실증화 | D7: 민간부담금 | E7: 422979800 | F7: 0.3004 | G7: 설비수요기관
A8: 전담기관 | B8: 한국환경공단
A9: 설비공급기업 | B9: GS시스템
A10: 설비수요기관 | B10: 대영염공(주)
A11: 협약기간 | B11: 협약체결일 ~ 2026-12-31
A12: 현재상태 | B12: 선정완료
A13: 다음 액션 | B13: 나라장터 물품 입찰/계약 일정 등록
A16: 사업비 사용계획
A17: 비목 | B17: 세목 | C17: 세부내역 | D17: 산출근거 | E17: 금액(원) | F17: 계약구분 | G17: 나라장터 품목/규격 | H17: 입찰상태 | I17: 계약번호 | J17: 검수상태 | K17: 비고
A18: 유형자산 | B18: 자산취득비 | C18: 소계 | E18: 1112479800 | F18: 물품
A19: 유형자산 | B19: 자산취득비 | C19: 연속 정련-수세기 본체 시스템 | D19: 구동부 모터, 망글롤러, 터브 수세조, 텐터가이드 등 공정 수행 본체 구성품 | E19: 310000000 | F19: 물품 | H19: 입찰 전
A20: 유형자산 | B20: 자산취득비 | C20: 열스팀제어 시스템 | D20: 전자식 스팀트랩, 밸브 등 관련 부속자재 포함 열·스팀 제어 설비 | E20: 143511600 | F20: 물품 | H20: 입찰 전
A21: 유형자산 | B21: 자산취득비 | C21: 응축수 회수-열교환 시스템 | D21: 응축수 회수 탱크, 판형 열교환기를 포함한 열회수 시스템 | E21: 135731200 | F21: 물품 | H21: 입찰 전
A22: 유형자산 | B22: 자산취득비 | C22: 유체공압 이송 유닛 | D22: 공압 및 유체 이송 배관과 부속품으로 구성된 자산성 설비 | E22: 209237000 | F22: 물품 | H22: 입찰 전
A23: 유형자산 | B23: 자산취득비 | C23: 공정제어-전력시스템 | D23: 인버터, 전기자재, 제어용 전기판넬 등 공정 구동 및 전력 제어 설비 | E23: 192000000 | F23: 물품 | H23: 입찰 전
A24: 유형자산 | B24: 자산취득비 | C24: 자동제어 계측 시스템 | D24: 제어 패널, 계측기 및 제어반으로 구성된 자동제어·계측 시스템 | E24: 122000000 | F24: 물품 | H24: 입찰 전
A25: 건설비 | B25: 시설비 | C25: 소계 | E25: 286000000 | F25: 공사/설치
A26: 건설비 | B26: 시설비 | C26: 연속정련-수세기 설치 공사 | D26: 기존 설비 반입·설치 실소요 공사비 | E26: 286000000 | F26: 설치 | H26: 입찰 전
A27: 운영비 | C27: 소계 | E27: 9500000 | F27: 용역
A28: 운영비 | B28: 일반용역비 | C28: 정산비 | D28: 회계정산비 | E28: 1500000 | F28: 용역 | H28: 입찰 전
A29: 운영비 | B29: 일반수용비 | C29: 폐수·탄소저감확인 및 TOC·수질분석 | D29: 공인시험기관 시험·분석 수수료 | E29: 8000000 | F29: 용역 | H29: 입찰 전
A30: 합계 | E30: 1407979800
A34: 나라장터 입찰·계약 진행관리
A35: 순서 | B35: 단계 | C35: 주요 확인사항 | D35: 담당/대상 | E35: 예정일 | F35: 완료일 | G35: 상태 | H35: 관련문서 | I35: 계약/공고번호 | J35: 금액(원) | K35: 비고
A36: 1 | B36: 규격서 확정 | C36: 사업계획서·협약서 기준 물품 규격 확정 | D36: GS시스템/대영염공 | G36: 대기 | H36: 규격서
A37: 2 | B37: 사전규격 공개 | C37: 나라장터 사전규격 공개 및 의견 접수 | D37: 대영염공(주) | G37: 대기 | H37: 사전규격공개
A38: 3 | B38: 입찰공고 | C38: 물품 구매 입찰 공고 등록 | D38: 대영염공(주) | G38: 대기 | H38: 입찰공고문 | J38: 1407979800
A39: 4 | B39: 질의응답 | C39: 입찰 질의 및 답변 관리 | D39: 대영염공(주)/입찰참여사 | G39: 대기 | H39: 질의답변
A40: 5 | B40: 투찰마감 | C40: 전자입찰 투찰 마감 확인 | D40: 나라장터 | G40: 대기 | H40: 투찰내역
A41: 6 | B41: 개찰/낙찰 | C41: 개찰 결과 및 낙찰자 확인 | D41: 나라장터 | G41: 대기 | H41: 개찰조서
A42: 7 | B42: 물품계약 | C42: 낙찰자와 물품 계약 체결 | D42: 대영염공(주) | G42: 대기 | H42: 계약서
A43: 8 | B43: 착수/제작 | C43: 물품 제작·조달 착수 | D43: 계약상대자 | G43: 대기 | H43: 착수계
A44: 9 | B44: 납품/설치 | C44: 현장 납품 및 설치 진행 | D44: 계약상대자 | G44: 대기 | H44: 납품서
A45: 10 | B45: 검수 | C45: 검수조서 및 성능 확인 | D45: 대영염공(주) | G45: 대기 | H45: 검수조서
A46: 11 | B46: 정산/보고 | C46: 보조금·민간부담금 정산자료 제출 | D46: GS시스템/대영염공 | G46: 대기 | H46: 정산서류

Sheet 코드목록
A1: 코드목록 및 입력 기준
A3: 진행상태 | B3: 설명 | D3: 단계 | E3: 설명 | G3: 수금상태 | H3: 설명 | J3: 업무구분 | K3: 설명
A4: 신규 | B4: 드롭다운 값 | D4: 후보 | E4: 관리 흐름 | G4: 미수금 | H4: 드롭다운 값 | J4: 견적 | K4: 작업기록 분류
A5: 선정완료 | B5: 드롭다운 값 | D5: 선정 | E5: 관리 흐름 | G5: 일부수금 | H5: 드롭다운 값 | J5: 계약 | K5: 작업기록 분류
A6: 견적작성 | B6: 드롭다운 값 | D6: 견적 | E6: 관리 흐름 | G6: 수금완료 | H6: 드롭다운 값 | J6: 발주 | K6: 작업기록 분류
A7: 제출완료 | B7: 드롭다운 값 | D7: 계약 | E7: 관리 흐름 | G7: 해당없음 | H7: 드롭다운 값 | J7: 제작 | K7: 작업기록 분류
A8: 협의중 | B8: 드롭다운 값 | D8: 수행 | E8: 관리 흐름 | J8: 시험운전 | K8: 작업기록 분류
A9: 계약완료 | B9: 드롭다운 값 | D9: 완료 | E9: 관리 흐름 | J9: 현장설치 | K9: 작업기록 분류
A10: 발주완료 | B10: 드롭다운 값 | J10: 시운전 | K10: 작업기록 분류
A11: 제작중 | B11: 드롭다운 값 | J11: 검수 | K11: 작업기록 분류
A12: 설치중 | B12: 드롭다운 값 | J12: 수금 | K12: 작업기록 분류
A13: 시운전 | B13: 드롭다운 값 | J13: 회의 | K13: 작업기록 분류
A14: 완료 | B14: 드롭다운 값 | J14: 문서 | K14: 작업기록 분류
A15: 보류 | B15: 드롭다운 값 | J15: 기타 | K15: 작업기록 분류
A16: 취소 | B16: 드롭다운 값
